{"denoiser_train_loss": 0.0053038332254225695, "_timestamp": 1712306478.2667868, "_runtime": 5089.968626737595, "_step": 812, "denoiser_val_loss": 0.0026171506167604374, "Denoiser test result": 0.0026298051126874412, "Estimator Training Loss": 0.006339300998153739, "estimator_val_loss": 0.22555229434600244, "pck_50 Val": 96.47442630898512, "pck_40 Val": 93.88468608597283, "pck_30 Val": 87.72937540400778, "pck_20 Val": 73.57976123141562, "pck_10 Val": 41.285047672915354, "pck_5 Val": 15.427945216548146, "pck_50": 96.45973052682606, "pck_40": 93.86034461861674, "pck_30": 87.72902189722046, "pck_20": 74.00119182288304, "pck_10": 42.88289835164832, "pck_5": 16.182833710407238, "_wandb": {"runtime": 5088}}