{"denoiser_train_loss": 0.0032007386858658817, "_timestamp": 1713266451.8152037, "_runtime": 4376.244506597519, "_step": 103, "denoiser_val_loss": 0.0031503882097940034}