{"denoiser_train_loss": 0.49582598138245626, "_timestamp": 1712340647.1397877, "_runtime": 9118.609108686447, "_step": 812, "denoiser_val_loss": 0.49800530878397137, "Denoiser test result": 0.4975973241604291, "Estimator Training Loss": 0.00454247947307205, "estimator_val_loss": 0.20580482024412888, "pck_50 Val": 96.57407145550528, "pck_40 Val": 94.10225773001505, "pck_30 Val": 89.15962009803923, "pck_20 Val": 78.20286576168928, "pck_10 Val": 49.57718231523381, "pck_5 Val": 19.745121606334838, "pck_50": 96.56151018099548, "pck_40": 94.12419871794873, "pck_30": 89.05434577677225, "pck_20": 78.09796851432881, "pck_10": 49.888503959276015, "pck_5": 19.68818344645552, "_wandb": {"runtime": 9117}}