{"denoiser_train_loss": 0.003372758263111947, "_timestamp": 1714635876.9832997, "_runtime": 13857.936867713928, "_step": 988, "denoiser_val_loss": 0.0034181926435289476, "Denoiser test result": 0.003426438344355959, "Estimator Training Loss": 0.007052483333362566, "estimator_val_loss": 0.22874363718124535, "pck_50 Val": 96.3938772624434, "pck_40 Val": 93.81127450980385, "pck_30 Val": 87.92529223227754, "pck_20 Val": 73.4565422322775, "pck_10 Val": 41.6607277526395, "pck_5 Val": 15.752215309200606, "pck_50": 96.39922699849168, "pck_40": 93.8404977375565, "pck_30": 87.82532051282051, "pck_20": 73.38864536199097, "pck_10": 41.434860482654614, "pck_5": 15.734657805429869, "_wandb": {"runtime": 13856}}