{"denoiser_train_loss": 0.4519179411606439, "_timestamp": 1714723939.3745222, "_runtime": 13246.867465257645, "_step": 878, "denoiser_val_loss": 0.45233396237546747, "Denoiser test result": 83538.1509232503, "Estimator Training Loss": 0.005574676430048251, "estimator_val_loss": 0.21812098438923175, "pck_50 Val": 96.31645927601808, "pck_40 Val": 93.91339083710407, "pck_30 Val": 88.63181089743593, "pck_20 Val": 76.7282004147813, "pck_10 Val": 47.42203996983409, "pck_5 Val": 19.550433634992466, "mpjpe Val": 519.9296508844083, "pampjpe Val": 0.00021279684555935557}