{"denoiser_train_loss": 0.4519179411606439, "_timestamp": 1714720926.7702699, "_runtime": 10234.263212919235, "_step": 588, "denoiser_val_loss": 0.45233396237546747, "Denoiser test result": 83538.1509232503, "Estimator Training Loss": 0.005960570633970739, "estimator_val_loss": 0.2211105146087133, "pck_50 Val": 96.34603601055808, "pck_40 Val": 93.95948812217195, "pck_30 Val": 88.49153940422319, "pck_20 Val": 75.64489064856716, "pck_10 Val": 44.757942119155366, "pck_5 Val": 17.7531108597285, "mpjpe Val": 526.4905833281003, "pampjpe Val": 0.00021262752577730715}