{"denoiser_train_loss": 0.0031496446371136024, "_timestamp": 1714664374.2648973, "_runtime": 16633.760639429092, "_step": 968, "denoiser_val_loss": 0.003296310371352416, "Denoiser test result": 0.00328495738689195, "Estimator Training Loss": 0.0073985290096013215, "estimator_val_loss": 0.2588227371756847, "pck_50 Val": 96.11380561840117, "pck_40 Val": 93.03930995475115, "pck_30 Val": 85.48750942684765, "pck_20 Val": 67.8727846907994, "pck_10 Val": 33.066435708898936, "pck_5 Val": 10.970187594268479, "pck_50": 96.0736943815988, "pck_40": 92.8637349170437, "pck_30": 85.2315233785822, "pck_20": 68.02205882352945, "pck_10": 33.429581447963805, "pck_5": 11.0653516214178, "_wandb": {"runtime": 16632}}