{"denoiser_train_loss": 0.004001213504568547, "_timestamp": 1714647725.1933184, "_runtime": 11837.028895378113, "_step": 718, "denoiser_val_loss": 0.003709139911314616, "Denoiser test result": 0.0037106641604063603, "Estimator Training Loss": 0.01189364676289368, "estimator_val_loss": 0.3655648162731758, "pck_50 Val": 94.75127262443435, "pck_40 Val": 89.14152055052784, "pck_30 Val": 76.3733031674208, "pck_20 Val": 50.99257635746606, "pck_10 Val": 17.460760746606326, "pck_5 Val": 4.776018099547513, "pck_50": 94.80686745852185, "pck_40": 89.19546568627455, "pck_30": 76.46985765460033, "pck_20": 51.135793740573185, "pck_10": 17.391449849170435, "pck_5": 4.774038461538462, "_wandb": {"runtime": 11835}}