{"denoiser_train_loss": 0.45191127993885616, "_timestamp": 1714674853.8178577, "_runtime": 6065.175029754639, "_step": 560, "denoiser_val_loss": 0.45233396237546747, "Denoiser test result": 0.4524602041100011, "Estimator Training Loss": 0.005606229308730116, "estimator_val_loss": 0.2198151816542332, "pck_50 Val": 96.61249595992237, "pck_40 Val": 93.94180268261148, "pck_30 Val": 88.03096719457008, "pck_20 Val": 74.47014382676149, "pck_10 Val": 43.222921380090504, "pck_5 Val": 16.40983556884292, "mpjpe Val": 528.6456831372701, "pampjpe Val": 0.00021195430831911154, "pck_50": 96.59497212346477, "pck_40": 93.96412411118291, "pck_30": 87.94390352294765, "pck_20": 74.54983435681962, "pck_10": 43.884029573367805, "pck_5": 16.690721961861673, "mpjpe": 526.1581050661894, "pampjpe": 0.00021022120315179643, "_wandb": {"runtime": 6063}}