{"denoiser_train_loss": 0.0034642159164504564, "_timestamp": 1714683610.8126426, "_runtime": 8745.166813611984, "_step": 780, "denoiser_val_loss": 0.003449531071461164, "Denoiser test result": 0.0034462087859327977, "Estimator Training Loss": 0.006030495448113349, "estimator_val_loss": 0.23100812824872824, "pck_50 Val": 96.26831393227268, "pck_40 Val": 93.72133173989195, "pck_30 Val": 87.99513757115754, "pck_20 Val": 74.29848288571013, "pck_10 Val": 42.08103743978982, "pck_5 Val": 15.006933294409576, "mpjpe Val": 539.9757064305819, "pampjpe Val": 0.0002141950211308827, "pck_50": 96.35200381331191, "pck_40": 93.73725094876657, "pck_30": 87.8211780214567, "pck_20": 74.23308413005401, "pck_10": 42.36697881696104, "pck_5": 14.965789665742228, "mpjpe": 536.9048655033112, "pampjpe": 0.00021350328168406982, "_wandb": {"runtime": 8743}}