{"denoiser_train_loss": 0.0026693767858992786, "_timestamp": 1712323133.872244, "_runtime": 8928.605334997177, "_step": 812, "denoiser_val_loss": 0.0016679372779573455, "Denoiser test result": 0.0016794833142987707, "Estimator Training Loss": 0.0055674052167403905, "estimator_val_loss": 0.21350953647723564, "pck_50 Val": 96.48681533717703, "pck_40 Val": 93.95287868559333, "pck_30 Val": 88.57842377025248, "pck_20 Val": 76.6837528280543, "pck_10 Val": 45.397695135746616, "pck_5 Val": 17.14999407020872, "pck_50": 96.48893637790103, "pck_40": 93.92639988687782, "pck_30": 88.39260463800906, "pck_20": 76.37235896219532, "pck_10": 46.03819241716539, "pck_5": 17.388941851554517, "_wandb": {"runtime": 8927}}