{"denoiser_train_loss": 0.0033480117023098744, "_timestamp": 1713289000.7479167, "_runtime": 22009.945855617523, "_step": 1324, "denoiser_val_loss": 0.0032863328555742134, "Denoiser test result": 0.0032935834525582883, "Estimator Training Loss": 0.007566460394811941, "estimator_val_loss": 0.24326295417088728, "pck_50 Val": 96.40587368632318, "pck_40 Val": 93.45856216245805, "pck_30 Val": 86.26066222084366, "pck_20 Val": 70.49805685301413, "pck_10 Val": 35.60139486936212, "pck_5 Val": 11.803317946285219, "pck_50": 96.3961009341702, "pck_40": 93.35373029484747, "pck_30": 86.19420294482553, "pck_20": 70.67113833746899, "pck_10": 35.8194971537002, "pck_5": 12.033359637279231, "_wandb": {"runtime": 22008}}