{"denoiser_train_loss": 0.0018082068519225097, "_timestamp": 1712287647.4037611, "_runtime": 203.78771018981934, "_step": 14, "denoiser_val_loss": 0.0013705233394060857, "Denoiser test result": 0.001376794015791697, "Estimator Training Loss": 0.025060327263354793, "estimator_val_loss": 0.47424921935254877, "pck_50 Val": 92.2588708778966, "pck_40 Val": 83.79797964823759, "pck_30 Val": 67.10844734704733, "pck_20 Val": 40.673707395348174, "pck_10 Val": 12.564362942757748, "pck_5 Val": 3.377117205019838, "_wandb": {"runtime": 202}}