{"denoiser_train_loss": 1.587715177005426, "_timestamp": 1712227857.8174064, "_runtime": 99.64645051956177, "_step": 2, "denoiser_val_loss": 0.49800377258887657, "Denoiser test result": 0.49759922990432154}