{"denoiser_train_loss": 0.003618595262020898, "_timestamp": 1713301271.7209494, "_runtime": 12249.439733505249, "_step": 686, "denoiser_val_loss": 0.0035454612180518988, "Denoiser test result": 0.003550754798253855, "Estimator Training Loss": 0.005510506388678415, "estimator_val_loss": 0.2149171193058674, "pck_50 Val": 96.50532616892913, "pck_40 Val": 94.05262537707391, "pck_30 Val": 88.68255090497732, "pck_20 Val": 76.94572492458522, "pck_10 Val": 46.05809294871797, "pck_5 Val": 18.189762443438923, "pck_50": 96.50589177978885, "pck_40": 94.01689762443445, "pck_30": 88.5262302036199, "pck_20": 76.68830128205127, "pck_10": 47.045107466063364, "pck_5": 18.53094362745097, "_wandb": {"runtime": 12248}}