{"denoiser_train_loss": 0.0035330750458086317, "_timestamp": 1712784457.7070453, "_runtime": 10947.788007259369, "_step": 906, "denoiser_val_loss": 0.0036108167912585268, "Denoiser test result": 0.0036110294503018713, "Estimator Training Loss": 0.007826744627322585, "estimator_val_loss": 0.25905797291885724, "pck_50 Val": 96.22157743229253, "pck_40 Val": 93.31444110818815, "pck_30 Val": 86.09906435081365, "pck_20 Val": 68.04113163777242, "pck_10 Val": 32.10987588767178, "pck_5 Val": 10.092909047783339, "pck_50": 96.25460681890058, "pck_40": 93.32988327295729, "pck_30": 86.0547930682537, "pck_20": 68.23614090980966, "pck_10": 32.59299664697257, "pck_5": 10.415071912195964, "_wandb": {"runtime": 10946}}