{"denoiser_train_loss": 0.451923638080507, "_timestamp": 1714696564.835177, "_runtime": 9971.818404912949, "_step": 630, "denoiser_val_loss": 0.45227635972774943, "Denoiser test result": 0.4524795237642068, "Estimator Training Loss": 0.00787522704098266, "estimator_val_loss": 0.2593541388328259, "pck_50 Val": 96.23885883447672, "pck_40 Val": 93.11261585899868, "pck_30 Val": 85.27428705663411, "pck_20 Val": 67.85399713545468, "pck_10 Val": 32.37328492190922, "pck_5 Val": 10.431951083783392, "mpjpe Val": 587.3429014132573, "pampjpe Val": 0.0002129743848383851, "pck_50": 96.26044555539343, "pck_40": 93.12015353598015, "pck_30": 85.25423980075901, "pck_20": 67.96531756312949, "pck_10": 32.57503466647205, "pck_5": 10.549030251058237, "mpjpe": 585.0771326285142, "pampjpe": 0.00021328785009650902, "_wandb": {"runtime": 9970}}