{"denoiser_train_loss": 0.45192251862873817, "_timestamp": 1712746656.5582678, "_runtime": 17893.30805182457, "_step": 906, "denoiser_val_loss": 0.45227564550363103, "Denoiser test result": 0.45246632328400244, "Estimator Training Loss": 0.006330520453978869, "estimator_val_loss": 0.23025371495347757, "pck_50 Val": 96.40645200387848, "pck_40 Val": 93.69258039754365, "pck_30 Val": 87.53540117970269, "pck_20 Val": 73.01293834841634, "pck_10 Val": 41.591386554621856, "pck_5 Val": 15.944974143503563, "pck_50": 96.47442630898516, "pck_40": 93.81140917905627, "pck_30": 87.77038219133807, "pck_20": 73.80671258888168, "pck_10": 43.301298884938596, "pck_5": 16.596840659340664, "_wandb": {"runtime": 17891}}