{"denoiser_train_loss": 0.0019470371322301186, "_timestamp": 1712301374.5855472, "_runtime": 4781.793998241425, "_step": 812, "denoiser_val_loss": 0.0011240981572952409, "Denoiser test result": 0.0011252189726712039, "Estimator Training Loss": 0.005584949244322888, "estimator_val_loss": 0.208503297659067, "pck_50 Val": 96.56103883861235, "pck_40 Val": 94.24474453242838, "pck_30 Val": 89.32477846907993, "pck_20 Val": 77.3795248868778, "pck_10 Val": 46.1895032051282, "pck_5 Val": 18.246134992458515, "pck_50": 96.55022153092006, "pck_40": 94.25758861236802, "pck_30": 89.24967006033184, "pck_20": 77.19600773001504, "pck_10": 46.70663650075414, "pck_5": 18.50141402714932, "_wandb": {"runtime": 4780}}