{"denoiser_train_loss": 0.003287397110807827, "_timestamp": 1714710670.8051622, "_runtime": 14084.731948137283, "_step": 946, "denoiser_val_loss": 0.0032799053919286684, "Denoiser test result": 0.003271227519815931, "Estimator Training Loss": 0.006680848510331753, "estimator_val_loss": 0.2286287180506266, "pck_50 Val": 96.41855203619909, "pck_40 Val": 93.87667326546006, "pck_30 Val": 87.61637443438914, "pck_20 Val": 73.20602375565613, "pck_10 Val": 40.87285539215686, "pck_5 Val": 14.09690799396682, "mpjpe Val": 538.6264805610364, "pampjpe Val": 0.00021240139561716178, "pck_50": 96.44197775263947, "pck_40": 93.88103318250378, "pck_30": 87.479520173454, "pck_20": 73.38501602564108, "pck_10": 41.47516025641026, "pck_5": 14.503629336349922, "mpjpe": 535.783986403392, "pampjpe": 0.00021130693106524, "_wandb": {"runtime": 14083}}