{"denoiser_train_loss": 0.49581910425757625, "_timestamp": 1712245399.1037269, "_runtime": 173.0871617794037, "_step": 6, "denoiser_val_loss": 0.5402132451534272, "Denoiser test result": 0.5326646589315854, "_wandb": {"runtime": 181}}