{"denoiser_train_loss": 0.001226662756623624, "_timestamp": 1712285892.5925834, "_runtime": 269.6800603866577, "_step": 14, "denoiser_val_loss": 0.0009821255930896418, "Denoiser test result": 0.000987430917358814, "Estimator Training Loss": 0.01997622855467916, "estimator_val_loss": 0.3867391844590505, "pck_50 Val": 94.25739022698521, "pck_40 Val": 88.35413701771031, "pck_30 Val": 75.0347252170663, "pck_20 Val": 49.88591890201828, "pck_10 Val": 16.976981179201886, "pck_5 Val": 4.653235240210454, "_wandb": {"runtime": 268}}