{"denoiser_train_loss": 0.4958240575407192, "_timestamp": 1712348997.4430697, "_runtime": 8337.325659751892, "_step": 812, "denoiser_val_loss": 33.75020158176239, "Denoiser test result": 25.208710127610427, "Estimator Training Loss": 0.0069124385498507135, "estimator_val_loss": 0.2638451725244522, "pck_50 Val": 95.94091723227751, "pck_40 Val": 93.05802224736051, "pck_30 Val": 85.782616892911, "pck_20 Val": 68.26390460030171, "pck_10 Val": 32.632470776772266, "pck_5 Val": 10.523260746606333, "pck_50": 95.97980297888385, "pck_40": 93.03999340120664, "pck_30": 85.6711679864254, "pck_20": 68.42463235294116, "pck_10": 32.90174868024133, "pck_5": 10.607371794871797, "_wandb": {"runtime": 8336}}