{"denoiser_train_loss": 0.01427649048395699, "_timestamp": 1712240212.6915452, "_runtime": 164.44905734062195, "_step": 10, "denoiser_val_loss": 0.003783823617805655, "Denoiser test result": 0.00381072425426772, "Estimator Training Loss": 0.011121905089399458, "Estimator_Val_Loss": 0.2609756884093468, "pck_50 Val": 96.05612677763412, "pck_40 Val": 93.17363243374264, "pck_30 Val": 86.18131868131873, "pck_20 Val": 67.86800056561083, "pck_10 Val": 31.07567065287653, "pck_5 Val": 9.954448125404014, "_wandb": {"runtime": 163}}