{"denoiser_train_loss": 0.0017783456357398553, "_timestamp": 1712331513.8353574, "_runtime": 8367.063623428345, "_step": 812, "denoiser_val_loss": 0.0023987059051600785, "Denoiser test result": 0.0024077739423284165, "Estimator Training Loss": 0.008030000178711525, "estimator_val_loss": 0.27508817116419476, "pck_50 Val": 95.86258921640503, "pck_40 Val": 92.83276910470933, "pck_30 Val": 85.52272906963373, "pck_20 Val": 66.02813596112931, "pck_10 Val": 28.351702209476166, "pck_5 Val": 8.692074474584556, "pck_50": 95.94167556135356, "pck_40": 92.77208982016558, "pck_30": 85.38733216893796, "pck_20": 66.11543192240238, "pck_10": 28.392997365735155, "pck_5": 8.778606750618135, "_wandb": {"runtime": 8365}}