{"denoiser_train_loss": 0.003340788118174465, "_timestamp": 1712802283.4810958, "_runtime": 15439.999942779541, "_step": 906, "denoiser_val_loss": 0.003466959492388097, "Denoiser test result": 0.0034713662356476893, "Estimator Training Loss": 0.00428751946589092, "estimator_val_loss": 0.2132220202913651, "pck_50 Val": 96.64794764059471, "pck_40 Val": 93.95654896574018, "pck_30 Val": 88.36477860374914, "pck_20 Val": 76.27696751777637, "pck_10 Val": 45.77089730122819, "pck_5 Val": 17.60857708468003, "pck_50": 96.67900573691014, "pck_40": 94.11764705882352, "pck_30": 88.85625404007757, "pck_20": 77.51580680349063, "pck_10": 48.74570741758242, "pck_5": 19.66315853264383, "_wandb": {"runtime": 15438}}