{"denoiser_train_loss": 0.0015347473936611468, "_timestamp": 1712244339.2457678, "_runtime": 259.82271790504456, "_step": 6, "denoiser_val_loss": 0.0012044895068706516, "Denoiser test result": 0.0012084029404482303}