{"denoiser_train_loss": 0.4958279091128367, "_timestamp": 1712290481.2991004, "_runtime": 362.916588306427, "_step": 14, "denoiser_val_loss": 0.5805124462797091, "Denoiser test result": 0.6541609182953835, "Estimator Training Loss": 0.010583954942092378, "estimator_val_loss": 0.26380474727887376, "pck_50 Val": 96.0680955074338, "pck_40 Val": 92.9690025048481, "pck_30 Val": 85.15630050096965, "pck_20 Val": 67.19138857466066, "pck_10 Val": 31.24898998060762, "pck_5 Val": 10.172006302521009, "_wandb": {"runtime": 361}}