{"denoiser_train_loss": 0.4958342674380323, "_timestamp": 1712296580.398092, "_runtime": 4498.187305927277, "_step": 812, "denoiser_val_loss": 0.49800377258887657, "Denoiser test result": 0.49759922990432154, "Estimator Training Loss": 0.0055222633046648215, "estimator_val_loss": 0.21979843260663928, "pck_50 Val": 96.52184049939625, "pck_40 Val": 93.79694418089815, "pck_30 Val": 87.92917987392902, "pck_20 Val": 75.0350509063596, "pck_10 Val": 43.40053538827554, "pck_5 Val": 16.161792108705654, "pck_50": 96.55162422373645, "pck_40": 93.79034054970964, "pck_30": 87.67942110861941, "pck_20": 74.9240807026623, "pck_10": 43.850604299637745, "pck_5": 16.356228616813294, "_wandb": {"runtime": 4497}}