{"denoiser_train_loss": 0.0016011057212476643, "_timestamp": 1712243057.179664, "_runtime": 242.29219484329224, "_step": 6, "denoiser_val_loss": 0.0013190020610076877, "Denoiser test result": 0.0013480766085334696}