{"denoiser_train_loss": 0.49583738582014575, "_timestamp": 1712291698.7907295, "_runtime": 333.60292959213257, "_step": 22, "denoiser_val_loss": 0.4981003322384574, "Denoiser test result": 0.4975116966348706, "Estimator Training Loss": 0.01688750351999881, "estimator_val_loss": 0.41935744148034315, "pck_50 Val": 93.79333309005986, "pck_40 Val": 86.78163999781053, "pck_30 Val": 71.40368422493066, "pck_20 Val": 44.52493249160708, "pck_10 Val": 13.992539866442856, "pck_5 Val": 3.7583701284484023, "_wandb": {"runtime": 332}}