{"denoiser_train_loss": 0.6108668318898547, "_timestamp": 1712288555.3178542, "_runtime": 127.04223823547363, "_step": 1, "denoiser_val_loss": 0.49800530878397137}