{"denoiser_train_loss": 0.4958279084677648, "_timestamp": 1712314192.265047, "_runtime": 7425.932960033417, "_step": 812, "denoiser_val_loss": 0.49800336819428664, "Denoiser test result": 36.062829043085756, "Estimator Training Loss": 0.0049872454744808534, "estimator_val_loss": 0.21479136164371784, "pck_50 Val": 96.48955216391771, "pck_40 Val": 93.95604884323458, "pck_30 Val": 88.72504926288133, "pck_20 Val": 77.24617072325209, "pck_10 Val": 46.86523865129177, "pck_5 Val": 18.08700372208436, "pck_50": 96.47906099474531, "pck_40": 93.9658558057218, "pck_30": 88.69768099547512, "pck_20": 77.3513446942052, "pck_10": 47.5391366223909, "pck_5": 18.662398737410605, "_wandb": {"runtime": 7424}}