{"denoiser_train_loss": 0.45192233623796807, "_timestamp": 1712757472.7069523, "_runtime": 10775.077285289764, "_step": 906, "denoiser_val_loss": 0.4522767479603107, "Denoiser test result": 0.4524663031101227, "Estimator Training Loss": 0.004719303189447582, "estimator_val_loss": 0.20751081441457456, "pck_50 Val": 96.61709154815769, "pck_40 Val": 94.02992687459601, "pck_30 Val": 88.7501010019392, "pck_20 Val": 77.21527553329024, "pck_10 Val": 48.986092032967036, "pck_5 Val": 20.407189318034888, "pck_50": 96.7108213477699, "pck_40": 94.17637968648994, "pck_30": 88.85610253716871, "pck_20": 77.36632393341952, "pck_10": 49.89601850355524, "pck_5": 21.18505575307047, "_wandb": {"runtime": 10773}}