{"denoiser_train_loss": 0.003391639835135353, "_timestamp": 1712922137.9327247, "_runtime": 7396.97856760025, "_step": 278, "denoiser_val_loss": 0.003303094852106789, "Denoiser test result": 0.0033105889594970414}