{"denoiser_train_loss": 0.4842296172186066, "_timestamp": 1714668056.4640584, "_runtime": 195.40028429031372, "_step": 20, "denoiser_val_loss": 0.45227635972774943, "Denoiser test result": 1.4183148331367053, "Estimator Training Loss": 0.038893544154680375, "estimator_val_loss": 0.6464625651186163, "pck_50 Val": 86.40974947530331, "pck_40 Val": 73.86727509918923, "pck_30 Val": 54.408754887585545, "pck_20 Val": 30.192835015237765, "pck_10 Val": 8.763355507158876, "pck_5 Val": 2.2591269370651488, "mpjpe Val": 1008.3962100924867, "pampjpe Val": 0.00021508933443331084, "pck_50": 86.54708928109369, "pck_40": 74.02351611465699, "pck_30": 54.61492744091772, "pck_20": 30.333364329969527, "pck_10": 8.72500278520499, "pck_5": 2.265157804324076, "mpjpe": 1005.9614542758826, "pampjpe": 0.00021364191261705247, "_wandb": {"runtime": 194}}