{"denoiser_train_loss": 0.48469745882689724, "_timestamp": 1714667215.4393122, "_runtime": 207.95069527626038, "_step": 12, "denoiser_val_loss": 0.45232807686834625, "Denoiser test result": 0.45245228572325275, "Estimator Training Loss": 0.010678521259372024, "estimator_val_loss": 0.26369301940386114, "pck_50 Val": 96.20101405946995, "pck_40 Val": 93.07722608274084, "pck_30 Val": 85.60005252100834, "pck_20 Val": 67.12331326761475, "pck_10 Val": 30.659845669036855, "pck_5 Val": 9.810873868778286, "mpjpe Val": 589.601315672581, "pampjpe Val": 0.00021300825606404713, "_wandb": {"runtime": 206}}