{"denoiser_train_loss": 0.0031964432763075725, "_timestamp": 1714145316.9321806, "_runtime": 24027.013563632965, "_step": 1264, "denoiser_val_loss": 0.0032923429667089995, "Denoiser test result": 0.003303863803068033, "Estimator Training Loss": 0.004715214958073489, "estimator_val_loss": 0.20859205814508291, "pck_50 Val": 96.5149932491607, "pck_40 Val": 93.90482456940593, "pck_30 Val": 88.88956676032694, "pck_20 Val": 77.97560347029633, "pck_10 Val": 50.003204367975485, "pck_5 Val": 21.13214539848196, "pck_50": 96.51697744854764, "pck_40": 93.97439698584145, "pck_30": 88.88745712304775, "pck_20": 77.8475199788352, "pck_10": 50.57921516931837, "pck_5": 21.219621223179104, "_wandb": {"runtime": 24025}}