{"denoiser_train_loss": 0.45192639665952433, "_timestamp": 1714668704.3896313, "_runtime": 501.90411615371704, "_step": 11, "denoiser_val_loss": 0.4522756471083714}