{"denoiser_train_loss": 0.0014751388731029842, "_timestamp": 1712290106.2825143, "_runtime": 205.59856128692627, "_step": 14, "denoiser_val_loss": 0.001583297134269602, "Denoiser test result": 0.001766287695723944, "Estimator Training Loss": 0.013297527678457875, "estimator_val_loss": 0.29498611780313344, "pck_50 Val": 95.6997313348416, "pck_40 Val": 92.11250942684767, "pck_30 Val": 83.03134426847663, "pck_20 Val": 62.15250282805434, "pck_10 Val": 25.595446832579192, "pck_5 Val": 7.703007164404227, "_wandb": {"runtime": 204}}