{"denoiser_train_loss": 0.0029246276217604304, "_timestamp": 1712289887.8777688, "_runtime": 243.49174165725708, "_step": 14, "denoiser_val_loss": 0.0022691604072371356, "Denoiser test result": 0.0022633902477816894, "Estimator Training Loss": 0.0233079361366144, "estimator_val_loss": 0.41113178748073, "pck_50 Val": 93.851828442154, "pck_40 Val": 87.20997929963777, "pck_30 Val": 72.18457328862632, "pck_20 Val": 45.83637684362601, "pck_10 Val": 15.309845070726238, "pck_5 Val": 4.218091883014202, "_wandb": {"runtime": 242}}