{"denoiser_train_loss": 0.4519195667359551, "_timestamp": 1712688467.571762, "_runtime": 11909.825072050095, "_step": 900, "denoiser_val_loss": 0.45227564550363103, "Denoiser test result": 0.47687689639054814, "Estimator Training Loss": 0.007078273930230887, "estimator_val_loss": 0.2575546954617356, "pck_50 Val": 96.24591428396869, "pck_40 Val": 93.2902839471566, "pck_30 Val": 86.06554081493299, "pck_20 Val": 68.2643523410097, "pck_10 Val": 32.69832905669599, "pck_5 Val": 10.586777553763438, "_wandb": {"runtime": 11908}}