{"denoiser_train_loss": 0.003599596897528496, "_timestamp": 1712907309.9590733, "_runtime": 1537.1267502307892, "_step": 85, "denoiser_val_loss": 0.003599686378782446}