{"denoiser_train_loss": 0.0015975012010567542, "_timestamp": 1712288002.0364609, "_runtime": 335.04088377952576, "_step": 14, "denoiser_val_loss": 0.0012945329842086021, "Denoiser test result": 0.001302057394507126, "Estimator Training Loss": 0.012703638036194849, "estimator_val_loss": 0.28974556143467245, "pck_50 Val": 95.87622549019613, "pck_40 Val": 92.51937217194566, "pck_30 Val": 84.05604260935137, "pck_20 Val": 62.93266874057316, "pck_10 Val": 25.919518288084458, "pck_5 Val": 7.71448435143288, "_wandb": {"runtime": 333}}