{"denoiser_train_loss": 0.003654928704450432, "_timestamp": 1712912186.956362, "_runtime": 1004.9419479370117, "_step": 35, "denoiser_val_loss": 0.003645178833694169}