{"denoiser_train_loss": 0.49583649664026236, "_timestamp": 1712287431.861735, "_runtime": 317.87204813957214, "_step": 14, "denoiser_val_loss": 0.49800377258887657, "Denoiser test result": 0.49759922990432154, "Estimator Training Loss": 0.019186834994742972, "estimator_val_loss": 0.3937572942330287, "pck_50 Val": 94.10192779034686, "pck_40 Val": 87.65042892156863, "pck_30 Val": 73.67357183257923, "pck_20 Val": 49.15042892156863, "pck_10 Val": 18.063866892911015, "pck_5 Val": 5.206895739064857, "_wandb": {"runtime": 316}}