{"denoiser_train_loss": 0.003984143065727356, "_timestamp": 1712655470.812289, "_runtime": 1640.186266899109, "_step": 81, "denoiser_val_loss": 0.003925527361306277}