{"denoiser_train_loss": 0.4519180520851179, "_timestamp": 1712773496.8841686, "_runtime": 16004.09622168541, "_step": 906, "denoiser_val_loss": 0.45233395966616546, "Denoiser test result": 0.45246020230379974, "Estimator Training Loss": 0.007857558484689034, "estimator_val_loss": 0.2672526958313855, "pck_50 Val": 96.06364058636655, "pck_40 Val": 92.96375235394744, "pck_30 Val": 84.93783602150539, "pck_20 Val": 66.9197721702317, "pck_10 Val": 30.572240580616405, "pck_5 Val": 9.38499529210511, "pck_50": 96.13228241259847, "pck_40": 92.93777582513945, "pck_30": 84.8999774488241, "pck_20": 67.05857196250935, "pck_10": 30.90538703567938, "pck_5": 9.48796926211834, "_wandb": {"runtime": 16002}}