{"denoiser_train_loss": 0.0014148567252877083, "_timestamp": 1712243675.9434202, "_runtime": 263.2284851074219, "_step": 14, "denoiser_val_loss": 0.0011214940141564091, "Denoiser test result": 0.0011259035390909188, "Estimator Training Loss": 0.020471300981823995, "estimator_val_loss": 0.43701782501660863, "pck_50 Val": 93.36913634870824, "pck_40 Val": 85.54616798642533, "pck_30 Val": 69.46666088892134, "pck_20 Val": 43.031240877244194, "pck_10 Val": 13.641268154284045, "pck_5 Val": 3.6311418953437453, "_wandb": {"runtime": 262}}